Source,Receiver,Molecule,checked by,detection,fit success,fit: peak,fit: v_inf,RMS 1km/s,RMS 2km/s,RMS 4km/s,COMMENTS
IRAS_#####-####,RXA3,CO,Name,TRUE,TRUE,Number,Number,Number,Number,Number,e.g. files missing
IRAS_#####+####,HARP,13-CO,Name,FALSE,FALSE,Number,Number,Number,Number,Number,
IRAS_00042+4248,RXA3,13-CO,JanW2,TRUE,TRUE,0.07,18.54,0.031,0.019,0.016,
IRAS_00042+4248,RXA3,CO,JanW2,TRUE,TRUE,0.78,19.57,0.03,0.019,0.015,
IRAS_00205+5530,RXA3,CO,JanW2,TRUE,TRUE,0.35,10.08,0.024,0.015,0.012,
IRAS_00205+5530,RXA3,13-CO,JanW2,FALSE,FALSE,,,0.04,0.025,0.02,
IRAS_00213+3817,RXA3,CO,JanW2,,,,,,,,one_spec.txt missing
IRAS_00213+3817,RXA3,13-CO,JanW2,,,,,,,,all_data.csv missing
IRAS_01037+1219,RXA3,CO,JanW2,TRUE,TRUE,1.3,18.74,0.068,0.042,0.034,
IRAS_01037+1219,RXA3,13-CO,JanW2,TRUE,TRUE,0.21,18,0.045,0.028,0.023,
IRAS_01159+7220,RXA3,13-CO,JanW2,FALSE,FALSE,,,0.043,0.027,0.022,v weak line
IRAS_01159+7220,RXA3,CO,JanW2,TRUE,TRUE,0.072,19.71,0.054,0.033,0.027,
IRAS_01556+4511,RXA3,13-CO,JanW2,TRUE,TRUE,0.16,5.18,0.036,0.022,0.017,peak not well fitted
IRAS_01556+4511,RXA3,CO,JanW2,TRUE,TRUE,1.27,7.95,0.056,0.035,0.028,peak not well fitted
IRAS_02168-0312,RXA3,CO,JanW2,TRUE,TRUE,5.19,4.53,0.07,0.043,0.035,peak not well fitted
IRAS_02168-0312,RXA3,13-CO,JanW2,TRUE,TRUE,0.05,4.69,0.038,0.023,0.019,peak not well fitted
IRAS_02316+6455,RXA3,CO,JanW2,TRUE,TRUE,0.49,15.21,0.07,0.043,0.035,
IRAS_02316+6455,RXA3,13-CO,JanW2,TRUE,TRUE,0.06,17.13,0.045,0.028,0.023,
IRAS_02351-2711,RXA3,CO,JanW2,TRUE,TRUE,0.38,14.29,0.045,0.027,0.022,
IRAS_02351-2711,RXA3,13-CO,JanW2,FALSE,FALSE,,,0.042,0.026,0.021,
IRAS_03173+2852,RXA3,CO,JanW2,FALSE,FALSE,,,0.028,0.017,0.014,
IRAS_03229+4721,RXA3,CO,JanW2,TRUE,TRUE,1.59,14.68,0.036,0.022,0.018,
IRAS_03229+4721,RXA3,13-CO,JanW2,TRUE,TRUE,0.08,14.15,0.047,0.029,0.024,
IRAS_03377+6303,RXA3,CO,JanW2,FALSE,FALSE,,,0.042,0.026,0.021,
IRAS_03507+1115,RXA3,CO,JanW2,TRUE,TRUE,1.77,17.32,0.055,0.034,0.028,
IRAS_03507+1115,RXA3,13-CO,JanW2,TRUE,TRUE,0.17,17.98,0.034,0.021,0.017,
IRAS_04020-1551,RXA3,13-CO,JanW2,FALSE,FALSE,,,0.06,0.037,0.03,
IRAS_04020-1551,RXA3,CO,JanW2,TRUE,TRUE,0.17,10.59,0.058,0.036,0.029,
IRAS_04395+3601,RXA3,CO,JanW2,TRUE,TRUE,3.05,19.19,0.074,0.046,0.037,check standard spectrum
IRAS_04395+3601,RXA3,13-CO,JanW2,TRUE,TRUE,0.62,17.61,0.046,0.028,0.023,
IRAS_04566+5606,RXA3,CO,JanW2,TRUE,TRUE,1.73,20.33,0.083,0.051,0.042,
IRAS_04566+5606,RXA3,13-CO,JanW2,TRUE,TRUE,0.07,16.69,0.023,0.014,0.011,
IRAS_05028+0106,RXA3,CO,JanW2,TRUE,TRUE,0.3,10.32,0.018,0.011,0.009,
IRAS_05028+0106,RXA3,13-CO,JanW2,FALSE,FALSE,,,0.038,0.023,0.019,
IRAS_05073+5248,RXA3,13-CO,JanW2,TRUE,TRUE,0.13,18.59,0.034,0.021,0.017,
IRAS_05073+5248,RXA3,CO,JanW2,TRUE,TRUE,0.74,18.35,0.051,0.031,0.026,
IRAS_05090-1154,RXA3,CO,JanW2,TRUE,TRUE,0.39,4.45,0.054,0.033,0.027,
IRAS_05090-1154,RXA3,13-CO,JanW2,FALSE,FALSE,,,0.047,0.029,0.024,
IRAS_05132+5331,RXA3,13-CO,JanW2,FALSE,FALSE,,,0.023,0.014,0.012,v weak line in the noise
IRAS_05132+5331,RXA3,CO,JanW2,TRUE,FALSE,,,,,,baseline (scan 20 partly bad)
IRAS_05151+6312,RXA3,CO,JanW2,TRUE,TRUE,0.3,15.29,0.024,0.015,0.012,
IRAS_05151+6312,RXA3,13-CO,JanW2,TRUE,TRUE,0.04,16.9,0.023,0.014,0.012,
IRAS_05217-3943,RXA3,CO,JanW2,FALSE,FALSE,,,0.04,0.025,0.02,
IRAS_05271-0107,RXA3,CO,JanW2,FALSE,FALSE,,,0.045,0.028,0.023,
IRAS_05411+6957,RXA3,CO,JanW2,TRUE,TRUE,0.55,18.44,0.068,0.042,0.034,
IRAS_05411+6957,RXA3,13-CO,JanW2,TRUE,TRUE,0.06,17.07,0.035,0.022,0.018,
IRAS_05524+0723,RXA3,13-CO,JanW2,TRUE,TRUE,0.05,14.08,0.044,0.027,0.022,
IRAS_05524+0723,RXA3,CO,JanW2,TRUE,TRUE,0.42,13.01,0.044,0.027,0.022,
IRAS_05559+7430,RXA3,CO,JanW2,TRUE,TRUE,0.24,14.47,0.084,0.052,0.042,
IRAS_05559+7430,RXA3,13-CO,JanW2,FALSE,FALSE,,,0.049,0.03,0.025,
IRAS_06124-0615,RXA3,CO,JanW2,FALSE,FALSE,,,0.029,0.018,0.015,
IRAS_06193-0349,RXA3,13-CO,JanW2,FALSE,FALSE,,,0.026,0.016,0.013,
IRAS_06193-0349,RXA3,CO,JanW2,TRUE,TRUE,0.16,16.01,0.058,0.036,0.029,
IRAS_06199+2232,RXA3,CO,JanW2,FALSE,FALSE,,,0.045,0.028,0.023,
IRAS_06300+6058,RXA3,CO,JanW2,TRUE,TRUE,0.68,14.12,0.073,0.045,0.037,
IRAS_06300+6058,RXA3,13-CO,JanW2,TRUE,TRUE,0.12,11.5,0.08,0.049,0.04,
IRAS_06331+3829,RXA3,CO,JanW2,TRUE,TRUE,0.7,10.15,0.06,0.037,0.03,
IRAS_06331+3829,RXA3,13-CO,JanW2,FALSE,FALSE,,,0.032,0.019,0.016,
IRAS_06500+0829,RXA3,CO,JanW2,TRUE,TRUE,1.36,19.43,0.028,0.017,0.014,
IRAS_06500+0829,RXA3,13-CO,JanW2,TRUE,TRUE,0.14,19,0.022,0.013,0.011,
IRAS_07152-3444,RXA3,CO,JanW2,TRUE,TRUE,0.2,16.98,0.047,0.029,0.023,
IRAS_07152-3444,RXA3,13-CO,JanW2,FALSE,FALSE,,,0.072,0.045,0.036,
IRAS_07209-2540,RXA3,CO,JanW2,TRUE,TRUE,0.72,39.83,0.093,0.057,0.047,
IRAS_07209-2540,RXA3,13-CO,JanW2,TRUE,TRUE,0.08,5.25,0.064,0.04,0.032,
IRAS_07245+4605,RXA3,CO,JanW2,,,,,,,,all_data.csv missing
IRAS_07245+4605,RXA3,13-CO,JanW2,TRUE,TRUE,0.04,4.66,0.023,0.014,0.012,
IRAS_08003+3629,RXA3,13-CO,JanW2,FALSE,FALSE,,,0.023,0.02,0.016,
IRAS_08003+3629,RXA3,CO,JanW2,TRUE,TRUE,0.15,2.2,0.048,0.029,0.024,
IRAS_09076+3110,RXA3,13-CO,JanW2,TRUE,TRUE,0.1,6.64,0.025,0.015,0.013,peak not well fitted
IRAS_09076+3110,RXA3,CO,JanW2,TRUE,TRUE,1.66,6.71,0.03,0.018,0.015,peak not well fitted
IRAS_09116-2439,RXA3,CO,JanW2,TRUE,TRUE,2.22,13.82,0.034,0.021,0.017,
IRAS_09116-2439,RXA3,13-CO,JanW2,TRUE,FALSE,0.09,24.48,0.086,0.053,0.043,not well fitted
IRAS_09425+3444,RXA3,CO,JanW2,TRUE,TRUE,0.78,6.36,0.115,0.071,0.058,
IRAS_09425+3444,RXA3,13-CO,JanW2,FALSE,FALSE,,,0.052,0.032,0.026,
IRAS_09429-2148,RXA3,13-CO,JanW2,TRUE,TRUE,0.06,13.75,0.028,0.017,0.014,
IRAS_09429-2148,RXA3,CO,JanW2,TRUE,FALSE,,,,,,bad baseline
IRAS_09448+1139,RXA3,CO,JanW2,TRUE,TRUE,0.79,6.34,0.053,0.033,0.027,
IRAS_09448+1139,RXA3,13-CO,JanW2,TRUE,TRUE,0.05,7.23,0.045,0.028,0.022,
IRAS_09452+1330,RXA3,CO,JanW2,TRUE,TRUE,19.92,14.23,0.052,0.032,0.026,
IRAS_09452+1330,RXA3,13-CO,JanW2,TRUE,TRUE,1.84,14.25,0.061,0.037,0.031,not well fitted
IRAS_10131+3049,RXA3,CO,JanW2,TRUE,TRUE,4.46,17.12,0.057,0.035,0.028,
IRAS_10131+3049,RXA3,13-CO,JanW2,TRUE,TRUE,0.24,15.91,0.037,0.023,0.019,
IRAS_10329-3918,RXA3,13-CO,JanW2,FALSE,FALSE,,,0.024,0.015,0.012,
IRAS_10329-3918,RXA3,CO,JanW2,TRUE,FALSE,,,0.042,0.026,0.021,U Ant
IRAS_10350-1307,RXA3,CO,JanW2,TRUE,TRUE,1.35,6.36,0.017,0.011,0.009,
IRAS_10350-1307,RXA3,13-CO,JanW2,TRUE,TRUE,0.1,6.26,0.054,0.033,0.027,
IRAS_10491-2059,RXA3,CO,JanW2,TRUE,TRUE,2,19.96,0.017,0.01,0.009,"fitted, but line shape anomalous"
IRAS_10491-2059,RXA3,13-CO,JanW2,FALSE,FALSE,,,0.066,0.04,0.033,
IRAS_10580-1803,RXA3,CO,JanW2,TRUE,TRUE,0.77,10,0.04,0.024,0.02,
IRAS_10580-1803,RXA3,13-CO,JanW2,TRUE,TRUE,0.03,8.93,0.026,0.016,0.013,
IRAS_11461-3542,RXA3,13-CO,JanW2,TRUE,TRUE,0.03,7.85,0.028,0.017,0.014,
IRAS_11461-3542,RXA3,CO,JanW2,TRUE,TRUE,0.35,6.04,0.087,0.054,0.044,
IRAS_12277+0441,RXA3,13-CO,JanW2,FALSE,FALSE,,,0.02,0.012,0.01,v weak line in the noise
IRAS_12277+0441,RXA3,CO,JanW2,TRUE,TRUE,0.4,5.11,0.027,0.017,0.014,files missing
IRAS_12380+5607,RXA3,CO,JanW2,TRUE,TRUE,0.58,6.57,0.057,0.035,0.029,
IRAS_12380+5607,RXA3,13-CO,JanW2,TRUE,TRUE,0.03,5.21,0.017,0.01,0.009,
IRAS_12427+4542,RXA3,CO,JanW2,TRUE,TRUE,0.64,"8,40",0.029,0.018,0.015,
IRAS_12427+4542,RXA3,13-CO,JanW2,TRUE,TRUE,0.35,8.72,0.033,0.02,0.016,
IRAS_13114-0232,RXA3,13-CO,JanW2,TRUE,TRUE,0.04,7.03,0.022,0.013,0.011,
IRAS_13114-0232,RXA3,CO,JanW2,TRUE,TRUE,1.4,7.73,0.03,0.019,0.015,
IRAS_13269-2301,RXA3,13-CO,JanW2,FALSE,FALSE,,,0.018,0.011,0.009,line in the noise?
IRAS_13269-2301,RXA3,CO,JanW2,TRUE,TRUE,0.73,7.97,0.068,0.042,0.034,
IRAS_13462-2807,RXA3,CO,JanW2,TRUE,TRUE,0.75,7.78,0.018,0.011,0.009,
IRAS_13462-2807,RXA3,13-CO,JanW2,FALSE,FALSE,,,0.073,0.045,0.037,
IRAS_14219+2555,RXA3,CO,JanW2,TRUE,TRUE,1.37,8.68,0.042,0.026,0.021,
IRAS_14219+2555,RXA3,13-CO,JanW2,TRUE,TRUE,0.07,10.06,0.022,0.014,0.011,
IRAS_14280-2952,RXA3,CO,JanW2,TRUE,TRUE,0.26,5.19,0.051,0.031,0.026,
IRAS_14280-2952,RXA3,13-CO,JanW2,FALSE,FALSE,,,0.022,0.014,0.011,
IRAS_14371+3245,RXA3,13-CO,JanW2,FALSE,FALSE,,,0.023,0.014,0.011,
IRAS_14371+3245,RXA3,CO,JanW2,TRUE,TRUE,0.26,7.99,0.039,0.024,0.02,line underestimated by fit
IRAS_15226-3603,RXA3,CO,JanW2,TRUE,TRUE,0.12,12.52,0.029,0.018,0.015,
IRAS_15226-3603,RXA3,13-CO,JanW2,FALSE,FALSE,,,0.098,0.06,0.049,
IRAS_15255+1944,RXA3,13-CO,JanW2,FALSE,FALSE,,,0.022,0.014,0.011,weak line in the noise
IRAS_15255+1944,RXA3,CO,JanW2,TRUE,TRUE,0.25,11.77,0.038,0.023,0.019,
IRAS_15492+4837,RXA3,CO,JanW2,TRUE,TRUE,0.29,9.27,0.038,0.024,0.019,
IRAS_15492+4837,RXA3,13-CO,JanW2,FALSE,FALSE,,,0.021,0.013,0.011,
IRAS_16029-3041,RXA3,CO,JanW2,TRUE,TRUE,0.44,13.84,0.056,0.034,0.028,
IRAS_16029-3041,RXA3,13-CO,JanW2,TRUE,TRUE,0.11,12.43,0.084,0.052,0.043,
IRAS_16235+1900,RXA3,CO,JanW2,TRUE,TRUE,0.22,8.96,0.06,0.037,0.03,curvy baseline
IRAS_16235+1900,RXA3,13-CO,JanW2,FALSE,FALSE,,,0.019,0.012,0.01,v weak line in the noise
IRAS_16418+5459,RXA3,CO,JanW2,,,,,,,,files missing
IRAS_16418+5459,RXA3,13-CO,JanW2,FALSE,FALSE,,,0.087,0.054,0.044,
IRAS_17049-2440,RXA3,13-CO,JanW2,TRUE,TRUE,0.11,19.24,0.075,0.046,0.038,
IRAS_17049-2440,RXA3,CO,JanW2,TRUE,TRUE,1.58,19.58,0.057,0.035,0.029,
IRAS_17102-1031,RXA3,CO,JanW2,TRUE,TRUE,0.29,11.65,0.047,0.029,0.024,
IRAS_17102-1031,RXA3,13-CO,JanW2,FALSE,FALSE,,,0.043,0.027,0.022,
IRAS_17119+0859,RXA3,CO,JanW2,TRUE,TRUE,0.09,19.04,0.04,0.025,0.02,
IRAS_17119+0859,RXA3,13-CO,JanW2,FALSE,FALSE,,,0.056,0.034,0.028,
IRAS_17150-3224,RXA3,CO,JanW2,TRUE,TRUE,0.51,16.82,0.034,0.021,0.017,peak not well fitted
IRAS_17150-3224,RXA3,13-CO,JanW2,TRUE,TRUE,0.12,20.48,0.019,0.012,0.01,
IRAS_17297+1747,RXA3,CO,JanW2,TRUE,TRUE,1.49,15.66,0.046,0.028,0.023,
IRAS_17297+1747,RXA3,13-CO,JanW2,TRUE,TRUE,0.14,14.83,0.023,0.014,0.012,
IRAS_17441-2411,RXA3,CO,JanW2,TRUE,TRUE,0.34,14.75,0.04,0.025,0.02,
IRAS_17441-2411,RXA3,13-CO,JanW2,TRUE,TRUE,0.09,12.52,0.057,0.035,0.028,
IRAS_18194-2708,RXA3,CO,JanW2,TRUE,TRUE,1.29,21.65,0.044,0.027,0.022,
IRAS_18194-2708,RXA3,13-CO,JanW2,TRUE,TRUE,0.07,18.4,0.045,0.028,0.023,
IRAS_18216-1617,RXA3,CO,JanW2,TRUE,TRUE,0.28,15.93,0.031,0.019,0.015,
IRAS_18216-1617,RXA3,13-CO,JanW2,TRUE,TRUE,0.03,15.95,0.022,0.013,0.011,
IRAS_18240+2326,RXA3,13-CO,JanW2,TRUE,TRUE,0.12,14.2,0.027,0.017,0.014,
IRAS_18240+2326,RXA3,CO,JanW2,TRUE,TRUE,1.26,14.68,0.029,0.018,0.015,
IRAS_18349+1023,RXA3,CO,JanW2,TRUE,TRUE,0.79,15.56,0.018,0.011,0.009,
IRAS_18349+1023,RXA3,13-CO,JanW2,TRUE,TRUE,0.08,16.1,0.019,0.012,0.009,
IRAS_18397+1738,RXA3,13-CO,JanW2,TRUE,TRUE,0.16,13.48,0.025,0.015,0.012,
IRAS_18397+1738,RXA3,CO,JanW2,TRUE,TRUE,1.93,13.78,0.032,0.02,0.016,
IRAS_19126-0708,RXA3,CO,JanW2,TRUE,TRUE,2.44,17.39,0.037,0.023,0.019,
IRAS_19126-0708,RXA3,13-CO,JanW2,TRUE,TRUE,0.15,17.55,0.034,0.021,0.017,
IRAS_19161+2343,RXA3,CO,JanW2,TRUE,TRUE,0.16,20.5,0.054,0.033,0.027,
IRAS_19161+2343,RXA3,13-CO,JanW2,FALSE,FALSE,,,0.045,0.028,0.023,
IRAS_19175-0807,RXA3,13-CO,JanW2,TRUE,TRUE,0.05,26.16,0.019,0.012,0.01,
IRAS_19175-0807,RXA3,CO,JanW2,TRUE,TRUE,0.55,25.59,0.039,0.024,0.019,
IRAS_19244+1115,RXA3,CO,JanW2,TRUE,TRUE,0.92,38.54,0.029,0.018,0.015,
IRAS_19244+1115,RXA3,13-CO,JanW2,TRUE,TRUE,0.01,35.81,0.025,0.015,0.013,
IRAS_19474-0744,RXA3,CO,JanW2,TRUE,TRUE,1.1,10.63,0.038,0.024,0.019,
IRAS_19474-0744,RXA3,13-CO,JanW2,TRUE,TRUE,0.06,10.25,0.05,0.031,0.025,
IRAS_19486+3247,RXA3,CO,JanW2,TRUE,TRUE,2.89,8.34,0.03,0.019,0.015,
IRAS_19486+3247,RXA3,13-CO,JanW2,TRUE,TRUE,0.07,8.87,0.029,0.018,0.014,
IRAS_19550-0201,RXA3,13-CO,JanW2,TRUE,TRUE,0.12,4.49,0.062,0.038,0.031,
IRAS_19550-0201,RXA3,CO,JanW2,TRUE,TRUE,0.71,8.11,0.037,0.023,0.019,
IRAS_20028+3910,RXA3,CO,JanW2,TRUE,TRUE,0.26,15.53,0.044,0.027,0.022,
IRAS_20028+3910,RXA3,13-CO,JanW2,TRUE,TRUE,0.08,9.91,0.043,0.026,0.022,
IRAS_20038-2722,RXA3,13-CO,JanW2,FALSE,FALSE,,,0.055,0.034,0.028,
IRAS_20038-2722,RXA3,CO,JanW2,TRUE,TRUE,0.42,6.39,0.037,0.023,0.019,
IRAS_20077-0625,RXA3,13-CO,JanW2,TRUE,TRUE,0.18,14.95,0.069,0.043,0.035,
IRAS_20077-0625,RXA3,CO,JanW2,TRUE,TRUE,1.19,15.06,0.036,0.022,0.018,
IRAS_20356+1805,RXA3,CO,JanW2,TRUE,TRUE,0.1,11.09,0.041,0.025,0.02,
IRAS_20356+1805,RXA3,13-CO,JanW2,FALSE,FALSE,,,0.027,0.017,0.014,
IRAS_20396+4757,RXA3,CO,JanW2,TRUE,TRUE,2.37,10.72,0.047,0.029,0.023,
IRAS_20396+4757,RXA3,13-CO,JanW2,TRUE,TRUE,0.11,10.85,0.064,0.039,0.032,
IRAS_21044-1637,RXA3,13-CO,JanW2,TRUE,TRUE,0.31,9.14,0.057,0.035,0.029,
IRAS_21044-1637,RXA3,CO,JanW2,FALSE,FALSE,,,0.071,0.044,0.036,
IRAS_21088+6817,RXA3,13-CO,JanW2,FALSE,FALSE,,,0.071,0.044,0.036,
IRAS_21088+6817,RXA3,CO,JanW2,TRUE,TRUE,0.64,5.14,0.1,0.061,0.05,
IRAS_21439-0226,RXA3,13-CO,JanW2,TRUE,TRUE,0.14,8.73,0.03,0.018,0.015,peak not well fitted
IRAS_21439-0226,RXA3,CO,JanW2,TRUE,TRUE,1.13,9.17,0.033,0.021,0.017,peak not well fitted
IRAS_21554+6204,RXA3,13-CO,JanW2,TRUE,TRUE,0.15,17.53,0.03,0.018,0.015,
IRAS_21554+6204,RXA3,CO,JanW2,TRUE,TRUE,0.28,17.29,0.037,0.023,0.018,
IRAS_22017+2806,RXA3,13-CO,JanW2,FALSE,FALSE,,,0.05,0.031,0.025,
IRAS_22017+2806,RXA3,CO,JanW2,TRUE,TRUE,0.36,9.69,0.031,0.019,0.015,
IRAS_22035+3506,RXA3,CO,JanW2,TRUE,TRUE,0.5,8.34,0.042,0.026,0.021,
IRAS_22035+3506,RXA3,13-CO,JanW2,FALSE,FALSE,,,0.043,0.027,0.022,
IRAS_22177+5936,RXA3,13-CO,JanW2,TRUE,FALSE,,,0.055,0.034,0.028,
IRAS_22177+5936,RXA3,CO,JanW2,,,,,,,,all_data.csv missing
IRAS_22525-2952,RXA3,CO,JanW2,TRUE,TRUE,0.14,13.97,0.033,0.021,0.017,
IRAS_22525-2952,RXA3,13-CO,JanW2,FALSE,FALSE,,,0.023,0.014,0.012,
IRAS_23166+1655,RXA3,CO,JanW2,TRUE,TRUE,2.45,14.68,0.031,0.019,0.016,
IRAS_23166+1655,RXA3,13-CO,JanW2,TRUE,TRUE,0.34,14.1,0.035,0.022,0.018,
IRAS_23173+2600,RXA3,CO,JanW2,TRUE,TRUE,0.18,7.35,0.035,0.021,0.017,
IRAS_23173+2600,RXA3,13-CO,JanW2,FALSE,FALSE,,,0.038,0.023,0.019,
IRAS_23320+4316,RXA3,CO,JanW2,TRUE,TRUE,2.69,14.49,0.026,0.016,0.013,
IRAS_23320+4316,RXA3,13-CO,JanW2,TRUE,TRUE,0.23,13.59,0.029,0.018,0.015,
IRAS_23558+5106,RXA3,CO,JanW2,TRUE,TRUE,1.99,10.12,0.033,0.02,0.016,
IRAS_23558+5106,RXA3,13-CO,JanW2,TRUE,TRUE,0.07,11.51,0.028,0.017,0.014,
IRAS_00121-1912,RXA3,CO,JanW2,FALSE,FALSE,,,0.038,0.023,0.019,
IRAS_00192-2020,RXA3,CO,Sofia2,TRUE,TRUE,0.23,4.96,0.037,0.023,0.019,
IRAS_00254-3317,RXA3,CO,JanW2,FALSE,FALSE,,,0.044,0.027,0.022,
IRAS_01069+3521,RXA3,CO,Sofia2,FALSE,FALSE,,,0.028,0.017,0.014,
IRAS_01579-0845,RXA3,CO,JanW2,FALSE,FALSE,,,0.031,0.019,0.016,
IRAS_02185+5622,RXA3,CO,JanW2,FALSE,FALSE,,,0.015,0.009,0.008,
IRAS_02327+3428,RXA3,CO,JanW2,FALSE,FALSE,,,0.028,0.017,0.014,
IRAS_02469+5646,RXA3,CO,JanW2,TRUE,TRUE,0.02,16.12,0.026,0.016,0.013,very weak
IRAS_02596+0353,RXA3,CO,JanW2,FALSE,FALSE,,,0.035,0.021,0.018,
IRAS_03030+5532,RXA3,CO,Sofia2,TRUE,TRUE,0.32,1.94,0.038,0.024,0.019,
IRAS_03149+3244,RXA3,CO,JanW2,FALSE,FALSE,,,0.028,0.017,0.014,
IRAS_03170+3150,RXA3,CO,JanW2,FALSE,FALSE,,,0.035,0.021,0.017,
IRAS_03172-2156,RXA3,CO,JanW2,FALSE,FALSE,,,0.047,0.029,0.024,
IRAS_03173+2852,RXA3,CO,Sofia2,TRUE,FALSE,,,0.028,0.017,0.014,peak ~0.15K
IRAS_03206+6521,RXA3,CO,Sofia2,TRUE,TRUE,0.06,10.71,0.042,0.026,0.021,~0.06K
IRAS_03377+6303,RXA3,CO,Sofia2,FALSE,FALSE,,,0.042,0.026,0.021,
IRAS_03415+8010,RXA3,CO,Sofia2,TRUE,TRUE,0.3,10.64,0.038,0.023,0.019,~0.3K
IRAS_03557-1339,RXA3,CO,JanW2,FALSE,FALSE,,,0.031,0.019,0.015,
IRAS_04166+4056,RXA3,CO,Sofia2,TRUE,TRUE,0.15,12.76,0.04,0.024,0.02,~0.2K
IRAS_04387-3819,RXA3,CO,Sofia2,TRUE,TRUE,0.08,13.78,0.047,0.029,0.023,~0.06K
IRAS_05069-3434,RXA3,CO,Sofia2,TRUE,TRUE,0.13,4.28,0.041,0.025,0.02,~0.15K
IRAS_05217-3943,RXA3,CO,Sofia2,FALSE,FALSE,,,0.04,0.025,0.02,potential very weak detection ~0.05K
IRAS_05251-1244,RXA3,CO,JanW2,FALSE,FALSE,,,0.043,0.027,0.022,
IRAS_05265-0443,RXA3,CO,Sofia2,TRUE,TRUE,0.25,5.44,0.04,0.024,0.02,~0.3K
IRAS_05271-0107,RXA3,CO,Sofia2,FALSE,FALSE,,,0.045,0.028,0.023,
IRAS_05292+1833,RXA3,CO,JanW2,FALSE,FALSE,,,0.042,0.026,0.021,
IRAS_05351-0147,RXA3,CO,JanW2,FALSE,FALSE,,,0.038,0.023,0.019,
IRAS_05592-0221,RXA3,CO,Sofia2,TRUE,TRUE,0.06,5.74,0.029,0.018,0.015,~0.05K
IRAS_06027-1628,RXA3,CO,JanW2,FALSE,FALSE,,,0.035,0.022,0.018,
IRAS_06036-2411,RXA3,CO,JanW2,FALSE,FALSE,,,0.055,0.034,0.028,
IRAS_06124-0615,RXA3,CO,Sofia2,FALSE,FALSE,,,0.029,0.018,0.015,
IRAS_06199+2232,RXA3,CO,Sofia2,FALSE,FALSE,,,0.045,0.028,0.023,potential weak detection ~0.05K
IRAS_06250+6134,RXA3,CO,JanW2,FALSE,FALSE,,,0.045,0.028,0.023,
IRAS_06363+5954,RXA3,CO,Sofia2,TRUE,TRUE,0.07,5.08,0.04,0.025,0.02,~0.05K
IRAS_06491-0654,RXA3,CO,JanW2,FALSE,FALSE,,,0.047,0.029,0.024,
IRAS_07034-3551,RXA3,CO,Sofia2,TRUE,TRUE,0.28,10.56,0.039,0.024,0.02,~0.3K
IRAS_07153-3700,RXA3,CO,JanW2,FALSE,FALSE,,,0.068,0.042,0.034,
IRAS_07190-2547,RXA3,CO,JanW2,FALSE,FALSE,,,0.038,0.023,0.019,
IRAS_07207+8230,RXA3,CO,JanW2,FALSE,FALSE,,,0.064,0.04,0.032,
IRAS_07434-3750,RXA3,CO,JanW2,FALSE,FALSE,,,0.041,0.025,0.02,
IRAS_07585-1242,RXA3,CO,Sofia2,TRUE,TRUE,0.11,9.93,0.028,0.017,0.014,~0.1K
IRAS_08138+1152,RXA3,CO,Sofia2,TRUE,TRUE,0.09,5.31,0.031,0.019,0.016,~0.1K
IRAS_08200-2528,RXA3,CO,Sofia2,TRUE,TRUE,0.09,8.56,0.037,0.022,0.018,~0.1K
IRAS_08220-0821,RXA3,CO,JanW2,FALSE,FALSE,,,0.039,0.024,0.019,
IRAS_08461-2827,RXA3,CO,JanW2,FALSE,FALSE,,,0.051,0.031,0.026,
IRAS_09251-0826,RXA3,CO,JanW2,FALSE,FALSE,,,0.031,0.019,0.016,
IRAS_10411+6902,RXA3,CO,JanW2,FALSE,FALSE,,,0.048,0.029,0.024,
IRAS_11284+6936,RXA3,CO,JanW2,FALSE,FALSE,,,0.035,0.021,0.017,
IRAS_11358+0824,RXA3,CO,JanW2,FALSE,FALSE,,,0.032,0.02,0.016,
IRAS_11445+4344,RXA3,CO,Sofia2,TRUE,TRUE,0.15,5.99,0.047,0.029,0.024,~0.2K
IRAS_12106-3350,RXA3,CO,Sofia2,TRUE,TRUE,0.1,7.24,0.041,0.025,0.021,~0.15K
IRAS_13001+0527,RXA3,CO,Sofia2,TRUE,TRUE,0.57,7.68,0.019,0.012,0.01,~0.55K
IRAS_13001+0527,RXA3,13-CO,,TRUE,,,,,,,~0.04K
IRAS_13039+2253,RXA3,CO,JanW2,FALSE,FALSE,,,0.034,0.021,0.017,
IRAS_13172+4547,RXA3,CO,JanW2,FALSE,FALSE,,,0.029,0.018,0.015,
IRAS_13388+5456,RXA3,CO,JanW2,FALSE,FALSE,,,0.041,0.025,0.02,
IRAS_14020-3515,RXA3,CO,Sofia2,TRUE,TRUE,0.12,7.46,0.058,0.036,0.029,~0.15K
IRAS_14059+4405,RXA3,CO,JanW2,FALSE,FALSE,,,0.04,0.025,0.02,
IRAS_14247+0454,RXA3,CO,Sofia2,TRUE,TRUE,0.29,6.34,0.036,0.022,0.018,~0.3K
IRAS_14390+3147,RXA3,CO,Sofia2,TRUE,TRUE,0.07,12.9,0.026,0.016,0.013,~0.08K
IRAS_15011-2505,RXA3,CO,JanW2,FALSE,FALSE,,,0.055,0.034,0.027,
IRAS_15097+1909,RXA3,CO,JanW2,FALSE,FALSE,,,0.036,0.022,0.018,
IRAS_15223-0203,RXA3,CO,Sofia2,TRUE,TRUE,0.09,8.42,0.044,0.027,0.022,~0.08K
IRAS_15341+1515,RXA3,CO,Sofia2,TRUE,TRUE,0.1,12.75,0.034,0.021,0.017,~0.1K
IRAS_15566+3609,RXA3,CO,Sofia2,TRUE,TRUE,0.14,8.21,0.038,0.024,0.019,~0.15K
IRAS_16011+4722,RXA3,CO,Sofia2,TRUE,TRUE,0.96,7.14,0.033,0.02,0.017,~1.4K
IRAS_16011+4722,RXA3,13-CO,,TRUE,,,,,,,~0.12K files missing
IRAS_16061+0844,RXA3,CO,JanW2,FALSE,FALSE,,,0.037,0.022,0.018,
IRAS_16081+2511,RXA3,CO,Sofia2,TRUE,TRUE,0.28,9.62,0.036,0.022,0.018,~0.27K
IRAS_16164+5952,RXA3,CO,JanW2,FALSE,FALSE,,,0.038,0.023,0.019,
IRAS_16469-3412,RXA3,CO,JanW2,FALSE,FALSE,,,0.049,0.03,0.025,
IRAS_17080-3215,RXA3,CO,Sofia2,TRUE,TRUE,0.14,23.35,0.018,0.011,0.009,~0.15K
IRAS_17123+1426,RXA3,CO,JanW2,FALSE,FALSE,,,0.026,0.016,0.013,
IRAS_17265-0725,RXA3,CO,Sofia2,TRUE,TRUE,0.28,10.6,0.039,0.024,0.02,~0.25K
IRAS_17341-3453,RXA3,CO,JanW2,FALSE,FALSE,,,0.041,0.025,0.021,
IRAS_17361+5746,RXA3,CO,Sofia2,TRUE,TRUE,0.16,9.24,0.037,0.023,0.018,~0.15K
IRAS_17539+1037,RXA3,CO,Sofia2,TRUE,TRUE,0.07,10.43,0.043,0.026,0.021,~0.05K
IRAS_17553+4521,RXA3,CO,JanW2,TRUE,,,,,,,~0.03K not all data used
IRAS_17553+4521,RXA3,13-CO,,FALSE,,,,,,,files missing
IRAS_17565-2035,RXA3,CO,Sofia2,TRUE,FALSE,0.15,,0.034,0.021,0.017,~0.15K
IRAS_18039+2212,RXA3,CO,JanW2,FALSE,FALSE,,,0.036,0.022,0.018,
IRAS_18044-2927,RXA3,CO,Sofia2,TRUE,FALSE,0.1,,0.042,0.026,0.021,~0.1K
IRAS_18076-1034,RXA3,CO,JanW2,TRUE,,,,,,,~0.2K files missing
IRAS_18142-3646,RXA3,CO,JanW2,FALSE,FALSE,,,0.042,0.026,0.021,
IRAS_18177-2951,RXA3,CO,JanW2,FALSE,FALSE,,,0.036,0.022,0.018,
IRAS_18298-2111,RXA3,CO,Sofia2,TRUE,TRUE,0.24,16.01,0.035,0.022,0.018,~0.26K
IRAS_18359+0847,RXA3,CO,Sofia2,TRUE,TRUE,0.17,5.03,0.042,0.026,0.021,~0.17K
IRAS_18501-2132,RXA3,CO,Sofia2,TRUE,TRUE,0.12,12.5,0.034,0.021,0.017,~0.13K
IRAS_18527+3650,RXA3,CO,JanW2,FALSE,FALSE,,,0.044,0.027,0.022,
IRAS_18535+0726,RXA3,CO,Sofia2,TRUE,TRUE,0.09,20.28,0.028,0.017,0.014,~0.1K
IRAS_18560-2954,RXA3,CO,Sofia2,TRUE,TRUE,1.19,17.67,0.052,0.032,0.026,~1.2K
IRAS_18578+2244,RXA3,CO,JanW2,FALSE,FALSE,,,0.027,0.017,0.014,
IRAS_19007-2247,RXA3,CO,Sofia2,TRUE,TRUE,0.31,8.63,0.045,0.028,0.023,~0.32K
IRAS_19007-3826,RXA3,CO,Sofia2,TRUE,TRUE,0.41,20.63,0.046,0.028,0.023,~0.4K
IRAS_19059-2219,RXA3,CO,Sofia2,TRUE,TRUE,0.39,14.28,0.045,0.028,0.023,~0.4K
IRAS_19093-3256,RXA3,CO,Sofia2,TRUE,TRUE,0.5,13.55,0.041,0.025,0.02,~0.6K
IRAS_19098+6601,RXA3,CO,Sofia2,TRUE,TRUE,0.08,8.51,0.052,0.032,0.026,~0.06K
IRAS_19176-1039,RXA3,CO,JanW2,FALSE,,,,,,,files missing
IRAS_19178-2620,RXA3,CO,Sofia2,TRUE,TRUE,0.28,18.3,0.053,0.033,0.027,~0.3K
IRAS_19232+5008,RXA3,CO,JanW2,FALSE,FALSE,,,0.066,0.041,0.033,
IRAS_19286+2751,RXA3,CO,JanW2,FALSE,FALSE,,,0.038,0.024,0.019,
IRAS_19288+2923,RXA3,CO,Sofia2,TRUE,TRUE,0.1,9.83,0.041,0.025,0.021,~0.1K
IRAS_19296+4331,RXA3,CO,Sofia2,TRUE,TRUE,0.14,9.78,0.033,0.02,0.017,~0.2K
IRAS_19327+3024,RXA3,CO,JanW2,FALSE,FALSE,,,0.039,0.024,0.02,
IRAS_19396+1637,RXA3,CO,JanW2,FALSE,FALSE,,,0.032,0.02,0.016,
IRAS_19422+3506,RXA3,CO,Sofia2,TRUE,TRUE,0.13,18.13,0.04,0.025,0.02,~0.15K
IRAS_19438+1029,RXA3,CO,JanW2,FALSE,FALSE,,,0.038,0.023,0.019,
IRAS_19451+1824,RXA3,CO,JanW2,TRUE,TRUE,0.03,6.96,0.03,0.018,0.015,very weak
IRAS_19487+3835,RXA3,CO,JanW2,FALSE,FALSE,,,0.041,0.025,0.02,
IRAS_19503+2219,RXA3,CO,Sofia2,TRUE,FALSE,0.12,,0.028,0.017,0.014,~0.12K
IRAS_19536+3237,RXA3,CO,Sofia2,TRUE,TRUE,0.25,15.4,0.045,0.028,0.022,~0.25K
IRAS_19566+3423,RXA3,CO,JanW2,FALSE,FALSE,,,0.045,0.028,0.023,
IRAS_20248-2825,RXA3,CO,Sofia2,TRUE,TRUE,0.5,6.26,0.038,0.024,0.019,~0.5K
IRAS_20372-1818,RXA3,CO,JanW2,FALSE,FALSE,,,0.038,0.023,0.019,
IRAS_20431+1754,RXA3,CO,JanW2,TRUE,TRUE,0.22,8.46,0.042,0.026,0.021,~0.25K
IRAS_20440-0105,RXA3,CO,Sofia2,TRUE,TRUE,0.51,14.17,0.029,0.018,0.015,~0.5K
IRAS_20440-0105,RXA3,13-CO,,FALSE,,,,,,,
IRAS_20451-0512,RXA3,CO,JanW2,FALSE,FALSE,,,0.04,0.024,0.02,
IRAS_20466+2248,RXA3,CO,JanW2,TRUE,TRUE,0.15,5.47,0.047,0.029,0.024,~0.12K
IRAS_20502+4709,RXA3,CO,JanW2,TRUE,FALSE,,,0.04,0.024,0.02,~0.1K
IRAS_21305+2118,RXA3,CO,JanW2,TRUE,TRUE,0.06,17.94,0.039,0.024,0.02,~0.05K
IRAS_21341+4508,RXA3,CO,JanW2,TRUE,TRUE,0.3,7.35,0.039,0.024,0.02,peak not well fitted
IRAS_21397+0527,RXA3,CO,JanW2,FALSE,FALSE,,,0.026,0.016,0.013,
IRAS_21402+4532,RXA3,CO,JanW2,FALSE,FALSE,,,0.038,0.023,0.019,
IRAS_21417+0938,RXA3,CO,JanW2,FALSE,FALSE,,,0.027,0.016,0.013,
IRAS_21419+5832,RXA3,CO,JanW2,FALSE,FALSE,,,0.051,0.031,0.026,
IRAS_21543-1421,RXA3,CO,JanW2,TRUE,TRUE,0.17,7.29,0.035,0.021,0.018,~0.15K
IRAS_22023+6252,RXA3,CO,JanW2,FALSE,FALSE,,,0.031,0.019,0.015,
IRAS_22366+5632,RXA3,CO,JanW2,FALSE,FALSE,,,0.029,0.018,0.015,
IRAS_23013+3735,RXA3,CO,JanW2,TRUE,TRUE,0.09,7.95,0.033,0.02,0.016,~0.1K
IRAS_23077+3329,RXA3,CO,JanW2,FALSE,FALSE,,,0.032,0.02,0.016,
IRAS_23142-0759,RXA3,CO,JanW2,FALSE,FALSE,,,0.035,0.022,0.018,
IRAS_23154+4844,RXA3,CO,JanW2,FALSE,FALSE,,,0.032,0.02,0.016,
IRAS_23365+5159,RXA3,CO,JanW2,TRUE,TRUE,0.07,7.2,0.035,0.022,0.018,
IRAS_23412-1533,RXA3,CO,JanW2,FALSE,FALSE,,,0.014,0.009,0.007,
IRAS_23420+5618,RXA3,CO,JanW2,TRUE,TRUE,0.11,12.66,0.035,0.022,0.018,0.15K
,,,,,,,,,,,
IRAS_00042+4248,HARP,13-CO,Siyi2,TRUE,TRUE,0.09,17.92,0.048,0.034,0.021,fit with double peak
IRAS_00042+4248,HARP,CO,Siyi2,TRUE,TRUE,0.97,18.87,0.016,0.014,0.01,
IRAS_00205+5530,HARP,CO,Siyi2,TRUE,TRUE,0.81,9.18,0.04,0.035,0.024,peak is a bit offset to the fit
IRAS_00205+5530,HARP,13-CO,Siyi2,TRUE,TRUE,0.07,2.37,0.045,0.039,0.028,peak is about 2sigma rms
IRAS_00213+3817,HARP,CO,Siyi2,TRUE,TRUE,1.99,9.74,0.035,0.031,0.022,
IRAS_00213+3817,HARP,13-CO,Siyi2,TRUE,TRUE,0.13,8.03,0.039,0.034,0.024,peak is a bit offset to the fit
IRAS_01037+1219,HARP,CO,Siyi2,TRUE,TRUE,1.62,19.25,0.031,0.027,0.019,
IRAS_01037+1219,HARP,13-CO,Siyi2,TRUE,TRUE,0.28,17.98,0.076,0.066,0.047,
IRAS_01159+7220,HARP,13-CO,Siyi2,TRUE,TRUE,0.08,17.47,0.06,0.052,0.037,peak not well fitted
IRAS_01159+7220,HARP,CO,Siyi2,TRUE,TRUE,1.13,21.86,0.088,0.076,0.054,
IRAS_01556+4511,HARP,CO,Siyi2,TRUE,TRUE,1.64,6.95,0.024,0.021,0.015,peak not well fitted
IRAS_01556+4511,HARP,13-CO,Siyi2,TRUE,TRUE,0.39,6.23,0.058,0.041,0.026,peak not well fitted
IRAS_02168-0312,HARP,CO,JanW2,TRUE,TRUE,10.54,3.94,0.06,0.052,0.037,peak not well fitted
IRAS_02168-0312,HARP,13-CO,JanW2,TRUE,TRUE,1.19,4.59,0.078,0.068,0.048,peak not well fitted
IRAS_03229+4721,HARP,CO,Siyi2,TRUE,TRUE,2.1,14.37,0.063,0.055,0.039,
IRAS_03229+4721,HARP,13-CO,Siyi2,TRUE,TRUE,0.13,14.34,0.059,0.051,0.036,
IRAS_03507+1115,HARP,CO,Siyi2,,,,,,,,missing csv file
IRAS_03507+1115,HARP,13-CO,Siyi2,,,,,,,,missing csv file
IRAS_04395+3601,HARP,CO,Siyi2,TRUE,TRUE,4.18,18.88,0.057,0.04,0.025,
IRAS_04395+3601,HARP,13-CO,Siyi2,TRUE,TRUE,0.95,19.99,0.041,0.029,0.019,
IRAS_05028+0106,HARP,CO,Siyi2,TRUE,TRUE,0.77,10.11,0.042,0.036,0.026,
IRAS_05028+0106,HARP,13-CO,Siyi2,,,,,,,,file missing
IRAS_05073+5248,HARP,13-CO,Siyi2,TRUE,TRUE,0.18,17.66,0.055,0.048,0.034,peak not well fit
IRAS_05073+5248,HARP,CO,Siyi2,TRUE,TRUE,0.99,18.98,0.044,0.038,0.027,
IRAS_05132+5331,HARP,CO,Siyi2,TRUE,TRUE,1.18,9.32,0.04,0.035,0.025,
IRAS_05132+5331,HARP,13-CO,Siyi2,TRUE,TRUE,0.05,10.66,0.06,0.052,0.037,fit with two peaks
IRAS_05217-3943,HARP,CO,Siyi2,FALSE,FALSE,,,0.046,0.04,0.028,
IRAS_06331+3829,HARP,CO,Siyi2,TRUE,TRUE,1.18,11.14,0.036,0.031,0.022,
IRAS_06331+3829,HARP,13-CO,Siyi2,FALSE,FALSE,,,0.067,0.047,0.03,
IRAS_07209-2540,HARP,13-CO,Siyi2,TRUE,TRUE,0.23,4.14,0.092,0.08,0.057,peak is only ~3sigma
IRAS_07209-2540,HARP,CO,Siyi2,TRUE,TRUE,2.53,38.39,0.045,0.039,0.027,"too broad, peak has some selfabsorption"
IRAS_09425+3444,HARP,CO,Sofia2,TRUE,TRUE,0.27,7.09,0.074,0.064,0.045,
IRAS_09425+3444,HARP,13-CO,Sofia2,FALSE,FALSE,,,0.092,0.08,0.057,
IRAS_09448+1139,HARP,CO,Sofia2,TRUE,TRUE,2.56,6.06,0.092,0.08,0.057,
IRAS_09448+1139,HARP,13-CO,Sofia2,TRUE,TRUE,0.16,6.97,0.073,0.064,0.045,
IRAS_09452+1330,HARP,CO,Sofia2,,,,,,,,spec files missing
IRAS_09452+1330,HARP,13-CO,Sofia2,TRUE,TRUE,2.74,14.45,0.164,0.116,0.073,
IRAS_10131+3049,HARP,CO,Sofia2,TRUE,TRUE,6.91,17.26,0.067,0.058,0.041,
IRAS_10131+3049,HARP,13-CO,Sofia2,TRUE,TRUE,0.36,16.11,0.062,0.054,0.038,
IRAS_10350-1307,HARP,CO,Sofia2,TRUE,TRUE,2.24,5.56,0.015,0.013,0.009,
IRAS_10350-1307,HARP,13-CO,Sofia2,TRUE,TRUE,0.17,6.21,0.067,0.058,0.041,
IRAS_10491-2059,HARP,CO,Sofia2,TRUE,TRUE,2.7,20.24,0.015,0.013,0.009,shape poorly fitted
IRAS_10491-2059,HARP,13-CO,Sofia2,TRUE,TRUE,0.1,17,0.075,0.065,0.046,"poor fit, peak value roughly ok"
IRAS_12277+0441,HARP,13-CO,Sofia2,TRUE,TRUE,0.07,2.2,0.045,0.04,0.028,
IRAS_12277+0441,HARP,CO,Sofia2,TRUE,TRUE,0.6,5.19,0.017,0.014,0.01,
IRAS_12380+5607,HARP,13-CO,Sofia2,FALSE,FALSE,,,0.064,0.056,0.04,
IRAS_12380+5607,HARP,CO,Sofia2,TRUE,TRUE,0.93,5.28,0.029,0.025,0.018,
IRAS_12427+4542,HARP,CO,Sofia2,TRUE,TRUE,1.13,7.79,0.014,0.012,0.009,
IRAS_12427+4542,HARP,13-CO,Sofia2,TRUE,TRUE,0.38,8.53,0.037,0.032,0.023,
IRAS_13001+0527,HARP,CO,Sofia2,TRUE,TRUE,0.78,8.39,0.013,0.011,0.008,
IRAS_13001+0527,HARP,13-CO,Sofia2,TRUE,TRUE,0.16,12.06,0.072,0.062,0.044,"poor fit, peak value roughly ok"
IRAS_13114-0232,HARP,13-CO,Sofia2,TRUE,TRUE,0.09,6.91,0.052,0.045,0.032,
IRAS_13114-0232,HARP,CO,Sofia2,TRUE,TRUE,0.9,7.36,0.041,0.036,0.025,
IRAS_13269-2301,HARP,13-CO,Sofia2,FALSE,FALSE,,,0.074,0.065,0.046,
IRAS_13269-2301,HARP,CO,Sofia2,TRUE,TRUE,2.44,8.02,0.052,0.045,0.032,
IRAS_13462-2807,HARP,CO,Sofia2,TRUE,TRUE,1.89,7.6,0.039,0.034,0.024,
IRAS_13462-2807,HARP,13-CO,Sofia2,TRUE,TRUE,0.09,8.47,0.063,0.054,0.038,
IRAS_14219+2555,HARP,CO,Sofia2,TRUE,TRUE,2.24,8.67,0.023,0.02,0.014,
IRAS_14219+2555,HARP,13-CO,Sofia2,TRUE,TRUE,0.17,9.52,0.046,0.04,0.028,
IRAS_14371+3245,HARP,CO,Sofia2,TRUE,TRUE,0.61,5.4,0.036,0.032,0.022,
IRAS_14371+3245,HARP,13-CO,Sofia2,FALSE,FALSE,,,0.041,0.036,0.025,
IRAS_15255+1944,HARP,13-CO,Sofia2,FALSE,FALSE,,,0.072,0.051,0.032,
IRAS_15255+1944,HARP,CO,Sofia2,TRUE,TRUE,0.27,10.31,0.07,0.061,0.043,
IRAS_15492+4837,HARP,13-CO,Sofia2,FALSE,FALSE,,,0.043,0.037,0.026,
IRAS_15492+4837,HARP,CO,Sofia2,TRUE,TRUE,0.57,8.11,0.029,0.025,0.018,
IRAS_16011+4722,HARP,CO,Sofia2,TRUE,TRUE,1.27,7.08,0.042,0.037,0.026,
IRAS_16011+4722,HARP,13-CO,Sofia2,TRUE,FALSE,,,0.057,0.05,0.035,peak ~0.3K
IRAS_17049-2440,HARP,CO,Sofia2,TRUE,TRUE,2.07,19.37,0.031,0.027,0.019,
IRAS_17049-2440,HARP,13-CO,Sofia2,TRUE,TRUE,0.15,17.03,0.059,0.051,0.036,
IRAS_17102-1031,HARP,13-CO,Sofia2,FALSE,FALSE,,,0.087,0.062,0.039,
IRAS_17102-1031,HARP,CO,Sofia2,TRUE,TRUE,0.45,12.18,0.038,0.033,0.023,
IRAS_17297+1747,HARP,CO,Sofia2,TRUE,TRUE,1.66,15.64,0.077,0.067,0.047,
IRAS_17297+1747,HARP,13-CO,Sofia2,,,,,,,,files missing
IRAS_18240+2326,HARP,CO,Sofia2,TRUE,TRUE,1.56,14.72,0.036,0.031,0.022,
IRAS_18240+2326,HARP,13-CO,Sofia2,TRUE,TRUE,0.25,13.91,0.069,0.049,0.031,
IRAS_18349+1023,HARP,CO,Sofia2,TRUE,TRUE,1.25,17.14,0.071,0.062,0.044,
IRAS_18349+1023,HARP,13-CO,Sofia2,TRUE,TRUE,0.11,15.37,0.089,0.063,0.04,
IRAS_18535+0726,HARP,CO,Sofia2,TRUE,TRUE,0.12,18.02,0.032,0.023,0.015,
IRAS_18535+0726,HARP,13-CO,Sofia2,FALSE,FALSE,,,0.051,0.036,0.023,
IRAS_19126-0708,HARP,CO,Sofia2,TRUE,TRUE,3.11,17.88,0.113,0.098,0.069,
IRAS_19126-0708,HARP,13-CO,Sofia2,TRUE,TRUE,0.19,16.46,0.094,0.066,0.042,
IRAS_19175-0807,HARP,13-CO,Sofia2,TRUE,TRUE,0.13,25.97,0.05,0.036,0.023,
IRAS_19175-0807,HARP,CO,Sofia2,TRUE,TRUE,0.94,26.69,0.022,0.019,0.013,
IRAS_19244+1115,HARP,CO,Sofia2,TRUE,TRUE,1.7,38.58,0.064,0.056,0.04,
IRAS_19244+1115,HARP,13-CO,Sofia2,TRUE,TRUE,0.23,38.03,0.064,0.045,0.029,
IRAS_19474-0744,HARP,13-CO,Sofia2,TRUE,TRUE,0.27,11.33,0.061,0.043,0.027,
IRAS_19474-0744,HARP,CO,Sofia2,TRUE,TRUE,1.32,11.74,0.066,0.058,0.041,
IRAS_19486+3247,HARP,CO,Sofia2,TRUE,TRUE,4.14,7.76,0.031,0.027,0.019,
IRAS_19486+3247,HARP,13-CO,Sofia2,TRUE,TRUE,0.2,9.18,0.071,0.05,0.032,
IRAS_20077-0625,HARP,13-CO,Sofia2,TRUE,TRUE,0.3,15.57,0.063,0.045,0.028,
IRAS_20077-0625,HARP,CO,Sofia2,TRUE,TRUE,1.2,15.19,0.07,0.061,0.043,
IRAS_20356+1805,HARP,13-CO,Sofia2,FALSE,FALSE,,,0.085,0.06,0.038,
IRAS_20356+1805,HARP,CO,Sofia2,TRUE,TRUE,0.21,10.18,0.027,0.024,0.017,
IRAS_20396+4757,HARP,CO,Sofia2,TRUE,TRUE,3.85,11.23,0.058,0.05,0.036,
IRAS_20396+4757,HARP,13-CO,Sofia2,,,,,,,,files missing
IRAS_20440-0105,HARP,CO,Sofia2,TRUE,TRUE,0.76,15.13,0.055,0.048,0.034,
IRAS_20440-0105,HARP,13-CO,Sofia2,FALSE,FALSE,,,0.084,0.059,0.037,
IRAS_21088+6817,HARP,13-CO,Sofia2,,,,,,,,files missing
IRAS_21088+6817,HARP,CO,Sofia2,TRUE,TRUE,1.42,4.75,0.055,0.048,0.034,
IRAS_21554+6204,HARP,13-CO,Sofia2,TRUE,TRUE,0.06,16.24,0.037,0.032,0.023,
IRAS_21554+6204,HARP,CO,Sofia2,TRUE,TRUE,0.25,15.84,0.032,0.028,0.02,
IRAS_22177+5936,HARP,CO,Sofia2,TRUE,TRUE,0.25,15.95,0.07,0.061,0.043,
IRAS_22177+5936,HARP,13-CO,Sofia2,TRUE,TRUE,0.1,17.41,0.09,0.079,0.056,
IRAS_22525-2952,HARP,13-CO,Sofia2,FALSE,FALSE,,,0.066,0.047,0.03,
IRAS_22525-2952,HARP,CO,Sofia2,TRUE,TRUE,0.29,13.9,0.059,0.052,0.037,
IRAS_23166+1655,HARP,CO,Sofia2,TRUE,TRUE,3.08,14.15,0.023,0.02,0.014,
IRAS_23166+1655,HARP,13-CO,Sofia2,,,,,,,,spec files missing
IRAS_23320+4316,HARP,13-CO,Sofia2,TRUE,TRUE,0.35,13.68,0.036,0.031,0.022,
IRAS_23320+4316,HARP,CO,Sofia2,TRUE,TRUE,3.69,14.12,0.023,0.02,0.014,
IRAS_23558+5106,HARP,CO,Sofia2,TRUE,TRUE,3.71,11.93,0.028,0.025,0.017,
IRAS_23558+5106,HARP,13-CO,Sofia2,TRUE,TRUE,0.22,11.22,0.049,0.042,0.03,
IRAS_00192-2020,HARP,CO,Sofia2,TRUE,TRUE,0.51,6.84,0.111,0.097,0.068,
IRAS_02185+5622,HARP,CO,Sofia2,FALSE,FALSE,,,0.018,0.012,0.008,
IRAS_02316+6455,HARP,CO,Sofia2,TRUE,TRUE,0.52,16.42,0.016,0.014,0.01,~0.1K
IRAS_02351-2711,HARP,CO,Sofia2,FALSE,FALSE,,,0.038,0.033,0.024,
IRAS_02469+5646,HARP,CO,Sofia2,TRUE,TRUE,0.06,16.89,0.027,0.019,0.012,~0.06K
IRAS_03030+5532,HARP,CO,Sofia2,FALSE,FALSE,,,0.028,0.02,0.013,
IRAS_03149+3244,HARP,CO,Sofia2,FALSE,FALSE,,,0.04,0.028,0.018,
IRAS_03170+3150,HARP,CO,Sofia2,TRUE,TRUE,0.04,8.69,0.024,0.017,0.011,~0.04K
IRAS_03206+6521,HARP,CO,Sofia2,TRUE,TRUE,0.09,8.45,0.022,0.019,0.013,
IRAS_03415+8010,HARP,CO,Sofia2,TRUE,TRUE,0.33,9.89,0.073,0.064,0.045,~0.3K
IRAS_04020-1551,HARP,CO,Sofia2,TRUE,TRUE,0.46,10.57,0.019,0.017,0.012,
IRAS_04166+4056,HARP,CO,Sofia2,TRUE,TRUE,0.35,12.05,0.046,0.033,0.021,~0.4K
IRAS_04387-3819,HARP,CO,Sofia2,TRUE,TRUE,0.27,7.69,0.059,0.041,0.026,~0.25K
IRAS_04566+5606,HARP,CO,Sofia2,TRUE,TRUE,1.89,19.84,0.06,0.052,0.037,
IRAS_05069-3434,HARP,CO,Sofia2,TRUE,TRUE,0.36,3.67,0.056,0.039,0.025,~0.4K
IRAS_05151+6312,HARP,CO,Sofia2,TRUE,TRUE,0.3,15.77,0.025,0.022,0.015,
IRAS_05217-3943,HARP,CO,Sofia2,FALSE,FALSE,,,0.046,0.04,0.028,
IRAS_05292+1833,HARP,CO,Sofia2,FALSE,FALSE,,,0.048,0.034,0.021,
IRAS_05351-0147,HARP,CO,Sofia2,FALSE,FALSE,,,0.046,0.032,0.02,
IRAS_05411+6957,HARP,CO,Sofia2,TRUE,TRUE,0.8,18.83,0.061,0.053,0.037,
IRAS_05524+0723,HARP,CO,Sofia2,TRUE,TRUE,1.28,13.5,0.016,0.014,0.01,
IRAS_05559+7430,HARP,CO,Sofia2,TRUE,TRUE,0.48,16.22,0.018,0.016,0.011,
IRAS_05592-0221,HARP,CO,Sofia2,TRUE,TRUE,0.16,6.04,0.054,0.038,0.024,~0.2K
IRAS_06027-1628,HARP,CO,Sofia2,TRUE,TRUE,0.22,1.35,0.113,0.098,0.07,iffy
IRAS_06036-2411,HARP,CO,,FALSE,,,,,,,files missing
IRAS_06193-0349,HARP,CO,Sofia2,TRUE,TRUE,0.21,16.6,0.014,0.012,0.009,
IRAS_06300+6058,HARP,CO,Sofia2,TRUE,TRUE,1.07,14.65,0.046,0.04,0.029,
IRAS_06349-0121,HARP,CO,Sofia2,TRUE,TRUE,0.55,12.53,0.036,0.025,0.016,
IRAS_06363+5954,HARP,CO,,TRUE,,,,,,,~0.1K
IRAS_06500+0829,HARP,CO,Sofia2,TRUE,TRUE,1.76,19.23,0.071,0.062,0.044,
IRAS_07034-3551,HARP,CO,Sofia2,TRUE,TRUE,0.57,9.48,0.054,0.038,0.024,~0.6K
IRAS_07152-3444,HARP,CO,Sofia2,TRUE,TRUE,0.26,15.56,0.065,0.057,0.04,
IRAS_07153-3700,HARP,CO,,,,,,,,,files missing
IRAS_07245+4605,HARP,CO,Sofia2,TRUE,TRUE,0.98,9.45,0.061,0.053,0.037,
IRAS_07434-3750,HARP,CO,Sofia2,FALSE,FALSE,,,0.054,0.038,0.024,
IRAS_07585-1242,HARP,CO,Sofia2,TRUE,TRUE,0.18,11.47,0.039,0.028,0.018,~0.2K
IRAS_08003+3629,HARP,CO,Sofia2,TRUE,TRUE,0.32,3.1,0.077,0.068,0.048,
IRAS_08138+1152,HARP,CO,Sofia2,TRUE,TRUE,0.22,4.43,0.032,0.028,0.02,~0.2K
IRAS_08200-2528,HARP,CO,Sofia2,TRUE,TRUE,0.23,9.61,0.044,0.031,0.02,~0.25K
IRAS_08220-0821,HARP,CO,Sofia2,FALSE,FALSE,,,0.044,0.031,0.019,
IRAS_08375-1707,HARP,CO,Sofia2,TRUE,TRUE,0.62,6.35,0.038,0.027,0.017,
IRAS_08461-2827,HARP,CO,Sofia2,FALSE,FALSE,,,0.07,0.061,0.043,
IRAS_09076+3110,HARP,CO,Sofia2,TRUE,TRUE,2.53,5.39,0.015,0.013,0.01,peak poorly fitted
IRAS_09116-2439,HARP,CO,Sofia2,TRUE,TRUE,2.65,13.05,0.016,0.014,0.01,
IRAS_09429-2148,HARP,CO,Sofia2,TRUE,TRUE,0.83,13.25,0.014,0.012,0.009,
IRAS_10329-3918,HARP,CO,Sofia2,TRUE,FALSE,0.38,4.98,0.049,0.042,0.03,contamination - uncertain!
IRAS_10411+6902,HARP,CO,Sofia2,TRUE,FALSE,,,0.034,0.024,0.015,~0.05K
IRAS_10580-1803,HARP,CO,Sofia2,TRUE,TRUE,1.33,10.52,0.017,0.015,0.011,
IRAS_11445+4344,HARP,CO,Sofia2,TRUE,TRUE,0.32,4.88,0.078,0.068,0.048,~0.4K
IRAS_11461-3542,HARP,CO,Sofia2,TRUE,TRUE,0.8,6.55,0.016,0.014,0.01,
IRAS_12106-3350,HARP,CO,Sofia2,TRUE,TRUE,0.28,8.2,0.04,0.028,0.018,~0.25K
IRAS_13039+2253,HARP,CO,Sofia2,FALSE,FALSE,,,0.021,0.019,0.013,
IRAS_13172+4547,HARP,CO,Sofia2,TRUE,TRUE,0.1,2.92,0.04,0.028,0.018,~0.07K
IRAS_14020-3515,HARP,CO,Sofia2,TRUE,TRUE,0.3,8.8,0.029,0.02,0.013,~0.3K
IRAS_14280-2952,HARP,CO,Sofia2,TRUE,TRUE,0.44,4.03,0.025,0.021,0.015,
IRAS_14390+3147,HARP,CO,Sofia2,TRUE,TRUE,0.09,15.65,0.024,0.021,0.015,~0.12K
IRAS_15223-0203,HARP,CO,Sofia2,TRUE,TRUE,0.18,8.3,0.023,0.016,0.01,
IRAS_15226-3603,HARP,CO,Sofia2,TRUE,TRUE,0.09,13.51,0.05,0.044,0.031,
IRAS_15341+1515,HARP,CO,Sofia2,TRUE,TRUE,0.25,12.5,0.018,0.015,0.011,~0.3K
IRAS_15566+3609,HARP,CO,Sofia2,TRUE,TRUE,0.27,9.22,0.031,0.022,0.014,~0.25K
IRAS_16029-3041,HARP,CO,Sofia2,TRUE,TRUE,0.32,15.08,0.021,0.019,0.013,
IRAS_16235+1900,HARP,CO,Sofia2,TRUE,TRUE,0.4,10.56,0.068,0.059,0.042,
IRAS_16418+5459,HARP,CO,Sofia2,TRUE,TRUE,0.45,9.5,0.032,0.028,0.02,
IRAS_16534-3030,HARP,CO,Sofia2,TRUE,TRUE,0.27,2.95,0.042,0.03,0.019,
IRAS_17119+0859,HARP,CO,Sofia2,TRUE,TRUE,0.29,16.67,0.067,0.058,0.041,
IRAS_17123+1426,HARP,CO,Sofia2,TRUE,TRUE,0.07,4.08,0.035,0.025,0.016,~0.06K
IRAS_17150-3224,HARP,CO,Sofia2,TRUE,TRUE,0.87,17.74,0.032,0.028,0.02,peak poorly fitted
IRAS_17265-0725,HARP,CO,Sofia2,TRUE,TRUE,0.42,10.56,0.039,0.028,0.018,~0.4K
IRAS_17441-2411,HARP,CO,Sofia2,TRUE,TRUE,0.43,19.24,0.041,0.036,0.025,peak poorly fitted
IRAS_17539+1037,HARP,CO,Sofia2,TRUE,TRUE,0.12,10.66,0.033,0.024,0.015,~0.12K
IRAS_17553+4521,HARP,CO,Sofia2,TRUE,TRUE,0.1,4.4,0.016,0.014,0.01,~0.10K
IRAS_17565-2035,HARP,CO,Sofia2,TRUE,TRUE,0.2,14.64,0.049,0.034,0.022,
IRAS_18044-2927,HARP,CO,,TRUE,,,,,,,~0.2K
IRAS_18162-0246,HARP,CO,Sofia2,FALSE,FALSE,,,0.054,0.038,0.024,
IRAS_18194-2708,HARP,CO,Sofia2,TRUE,TRUE,1.5,22.69,0.074,0.064,0.045,
IRAS_18216-1617,HARP,CO,Sofia2,TRUE,TRUE,0.33,16.25,0.023,0.02,0.014,
IRAS_18298-2111,HARP,CO,Sofia2,TRUE,TRUE,0.21,16.25,0.048,0.034,0.022,~0.25K
IRAS_18303-0519,HARP,CO,Sofia2,FALSE,FALSE,,,0.026,0.019,0.012,adjacent line maybe real?
IRAS_18359+0847,HARP,CO,Sofia2,TRUE,TRUE,0.29,4.67,0.113,0.098,0.07,~0.25K
IRAS_18397+1738,HARP,CO,Sofia2,TRUE,TRUE,2.32,13.91,0.049,0.043,0.03,
IRAS_18437-0643,HARP,CO,Sofia2,TRUE,TRUE,0.13,11.96,0.028,0.02,0.013,
IRAS_18501-2132,HARP,CO,Sofia2,TRUE,TRUE,0.14,12.78,0.04,0.028,0.018,~0.15K
IRAS_18502-0253,HARP,CO,Sofia2,TRUE,TRUE,0.06,16.56,0.032,0.023,0.014,contamination
IRAS_19007-2247,HARP,CO,Sofia2,TRUE,TRUE,0.32,9.94,0.053,0.037,0.023,~0.3K
IRAS_19098+6601,HARP,CO,Sofia2,TRUE,TRUE,0.15,5.36,0.03,0.027,0.019,~0.13K
IRAS_19161+2343,HARP,CO,Sofia2,TRUE,TRUE,0.18,19.88,0.059,0.051,0.036,
IRAS_19232+5008,HARP,CO,Sofia2,FALSE,FALSE,,,0.034,0.03,0.021,
IRAS_19288+2923,HARP,CO,Sofia2,TRUE,TRUE,0.07,14.68,0.028,0.02,0.013,~0.08K
IRAS_19296+4331,HARP,CO,Sofia2,TRUE,TRUE,0.16,9.22,0.036,0.025,0.016,~0.2K
IRAS_19327+3024,HARP,CO,Sofia2,TRUE,FALSE,,,0.042,0.037,0.026,~0.12K
IRAS_19396+1637,HARP,CO,Sofia2,FALSE,FALSE,,,0.029,0.021,0.013,
IRAS_19503+2219,HARP,CO,Sofia2,TRUE,TRUE,0.19,10.15,0.031,0.022,0.014,~0.25K
IRAS_19536+3237,HARP,CO,Sofia2,TRUE,TRUE,0.36,15.66,0.028,0.02,0.012,~0.4K
IRAS_19550-0201,HARP,CO,Sofia2,TRUE,TRUE,1.22,8.22,0.033,0.029,0.02,
IRAS_19566+3423,HARP,CO,Sofia2,TRUE,TRUE,0.08,7.97,0.038,0.027,0.017,~0.1K baseline?
IRAS_19597+3327,HARP,CO,,,,,,,,,files missing
IRAS_20002+3322,HARP,CO,Sofia2,TRUE,TRUE,2.72,3,0.033,0.023,0.015,
IRAS_20038-2722,HARP,CO,Sofia2,TRUE,TRUE,0.8,5.38,0.036,0.031,0.022,
IRAS_20248-2825,HARP,CO,,,,,,,,,files missing
IRAS_20502+4709,HARP,CO,Sofia2,TRUE,TRUE,0.22,13.34,0.051,0.036,0.023,"~0.3K, contamination"
IRAS_20547+0247,HARP,CO,Sofia2,FALSE,FALSE,,,0.031,0.022,0.014,
IRAS_21044-1637,HARP,CO,,,,,,,,,files missing
IRAS_21305+2118,HARP,CO,Sofia2,TRUE,TRUE,0.06,14.97,0.045,0.032,0.02,~0.05K
IRAS_21341+4508,HARP,CO,Sofia2,TRUE,TRUE,0.65,7.43,0.053,0.038,0.024,~1K
IRAS_21419+5832,HARP,CO,Sofia2,FALSE,FALSE,,,0.051,0.044,0.031,~0.25K
IRAS_21439-0226,HARP,CO,Sofia2,TRUE,TRUE,1.94,7.96,0.054,0.047,0.034,"very sharp peak, poorly fitted"
IRAS_21543-1421,HARP,CO,Sofia2,TRUE,TRUE,0.29,7.52,0.05,0.036,0.023,~0.3K
IRAS_22017+2806,HARP,CO,Sofia2,TRUE,TRUE,0.52,8.74,0.051,0.044,0.031,
IRAS_22035+3506,HARP,CO,Sofia2,TRUE,TRUE,0.89,7.27,0.046,0.04,0.028,
IRAS_22216+3100,HARP,CO,Sofia2,FALSE,FALSE,,,0.031,0.022,0.014,
IRAS_23013+3735,HARP,CO,Sofia2,TRUE,TRUE,0.23,9.26,0.027,0.019,0.012,~0.3K
IRAS_23077+3329,HARP,CO,Sofia2,FALSE,FALSE,,,0.06,0.052,0.037,
IRAS_23173+2600,HARP,CO,Sofia2,TRUE,TRUE,0.4,7.95,0.06,0.053,0.037,
IRAS_23365+5159,HARP,CO,Sofia2,TRUE,TRUE,0.12,8.31,0.032,0.023,0.014,0.15K
IRAS_23412-1533,HARP,CO,Sofia2,FALSE,FALSE,,,0.041,0.036,0.025,